"01E1","CALS ENT-IT Sarkaria Institute","CALS Entomology","http://scholars.cornell.edu/individual/org95927"
"01E2","CALS ENT-IT Uncategorized","CALS Entomology","http://scholars.cornell.edu/individual/org95927"
"0103","CALS Academic Programs","CALS Office of the Assoc Dean Acad Prg",""
"0113","CALS CCE PMEP","CALS Cornell Cooperative Extension","http://scholars.cornell.edu/individual/org55296"
"0114","CALS CCE NE IPM","CALS Cornell Cooperative Extension","http://scholars.cornell.edu/individual/org55296"
"0115","CALS Mann Library","CALS Library","http://scholars.cornell.edu/individual/org46941"
"0123","CALS Biological & Environmental Engr","CALS Biological & Environmental Engr","http://scholars.cornell.edu/individual/org24212"
"0124","CALS Earth and Atmospheric Science","CALS Earth and Atmospheric Science","http://scholars.cornell.edu/individual/org32427"
"0125","CALS Soil and Crop Sciences","CALS School of Integrative Plant Science","http://scholars.cornell.edu/individual/org76798"
"0127","CALS Animal Science","CALS Animal Science","http://scholars.cornell.edu/individual/org75400"
"0143","CALS Food Science - Ithaca","CALS Food Science","http://scholars.cornell.edu/individual/org86203"
"0145","CALS Horticulture - Ithaca","CALS School of Integrative Plant Science","http://scholars.cornell.edu/individual/org93693"
"0146","CALS Landscape Architecture","CALS Landscape Architecture","http://scholars.cornell.edu/individual/org47818"
"0149","CALS Plant Breeding & Genetics","CALS School of Integrative Plant Science","http://scholars.cornell.edu/individual/org48637"
"0153","CALS Plant Pathology - Ithaca","CALS School of Integrative Plant Science","http://scholars.cornell.edu/individual/org96766"
"0159","CALS Development Sociology","CALS Development Sociology","http://scholars.cornell.edu/individual/org62634"
"0183","CALS Ecology & Evolutionary Biology","CALS Ecology & Evolutionary Biology","http://scholars.cornell.edu/individual/org92335"
"0184","CALS Plant Biology","CALS School of Integrative Plant Science","http://scholars.cornell.edu/individual/org81917"
"0191","CALS Neurobiology & Behavior","CALS Neurobiology & Behavior","http://scholars.cornell.edu/individual/org16088"
"0305","Cooperative Extension","Outreach & Extension","http://scholars.cornell.edu/individual/org55296"
"0309","NYC - Cooperative Extension","NYC - Cooperative Extension","http://scholars.cornell.edu/individual/org27506"
"0320","Cornell Institute for Public Affairs","Cornell Institute for Public Affairs","http://scholars.cornell.edu/individual/org85246"
"0321","Human Development","Human Development","http://scholars.cornell.edu/individual/org44742"
"0323","Bronfenbrenner Ctr forTranslational Rsch","Bronfenbrenner Ctr forTranslational Rsch","http://scholars.cornell.edu/individual/org52741"
"0324","Policy Analysis and Management","Policy Analysis and Management","http://scholars.cornell.edu/individual/org97501"
"0327","Design and Environmental Analysis","Design and Environmental Analysis","http://scholars.cornell.edu/individual/org43177"
"0328","4-H Program","Bronfenbrenner Ctr forTranslational Rsch","http://scholars.cornell.edu/individual/org52741"
"0329","Fiber Science and Apparel Design","Fiber Science and Apparel Design","http://scholars.cornell.edu/individual/org61623"
"0399","Nutritional Sciences","Nutritional Sciences","http://scholars.cornell.edu/individual/org57049"
"0407","Faculty Managed","Baker Institute for Animal Health","http://scholars.cornell.edu/individual/org55533"
"0420","Faculty Managed","Biomedical Sciences","http://scholars.cornell.edu/individual/org75930"
"0427","Faculty Managed","Clinical Sciences","http://scholars.cornell.edu/individual/org80031"
"0438","Faculty Managed","Microbiology and Immunology","http://scholars.cornell.edu/individual/org25812"
"0445","Faculty Managed","Molecular Medicine","http://scholars.cornell.edu/individual/org51414"
"0452","Faculty Managed","Population Medicine & Diagnostic Science","http://scholars.cornell.edu/individual/org20700"
"0455","Animal Health Diagnostic Center","Animal Health Diagnostic Center","http://scholars.cornell.edu/individual/org38400"
"0521","Labor Relations, Law, & History","Labor Relations, Law, & History","http://scholars.cornell.edu/individual/org85195"
"0523","International & Comparative Labor","International & Comparative Labor","http://scholars.cornell.edu/individual/org56519"
"0524","Social Statistics","Social Statistics","http://scholars.cornell.edu/individual/org22759"
"0526","Human Resource Studies","Human Resource Studies","http://scholars.cornell.edu/individual/org83654"
"0625","CALS Plant Pathology - Geneva","CALS School of Integrative Plant Science","http://scholars.cornell.edu/individual/org62465"
"0632","CALS Horticulture - Geneva","CALS School of Integrative Plant Science","http://scholars.cornell.edu/individual/org30434"
"01E3","CALS FS-IT Department Operations","CALS Food Science","http://scholars.cornell.edu/individual/org86203"
"2002","Architecture","Architecture","http://scholars.cornell.edu/individual/org73870"
"2004","City and Regional Planning","City and Regional Planning","http://scholars.cornell.edu/individual/org39069"
"2150","Arts and Sciences Endowment and Budget","Arts and Sciences Endowment and Budget",""
"2152","Anthropology","Anthropology","http://scholars.cornell.edu/individual/org14985"
"2154","Asian Studies","Asian Studies","http://scholars.cornell.edu/individual/org71826"
"2158","Chemistry and Chemical Biology","Chemistry and Chemical Biology","http://scholars.cornell.edu/individual/org89757"
"2160","Classics","Classics","http://scholars.cornell.edu/individual/org76447"
"2161","Ecology and Evolutionary Biology","Ecology and Evolutionary Biology","http://scholars.cornell.edu/individual/org92335"
"2162","Economics","Economics","http://scholars.cornell.edu/individual/org51375"
"2165","Molecular Biology and Genetics","Molecular Biology and Genetics","http://scholars.cornell.edu/individual/org24788"
"2167","Plant Biology","Plant Biology","http://scholars.cornell.edu/individual/org81917"
"2170","Government","Government","http://scholars.cornell.edu/individual/org51392"
"2171","Latino Studies","Latino Studies","http://scholars.cornell.edu/individual/org84947"
"2173","History of Art and Visual Studies","History of Art and Visual Studies","http://scholars.cornell.edu/individual/org63170"
"2176","Linguistics","Linguistics","http://scholars.cornell.edu/individual/org59594"
"2178","Mathematics","Mathematics","http://scholars.cornell.edu/individual/org45776"
"2180","Music","Music","http://scholars.cornell.edu/individual/org30935"
"2181","Neurobiology and Behavior","Neurobiology and Behavior","http://scholars.cornell.edu/individual/org16088"
"2184","Philosophy","Philosophy","http://scholars.cornell.edu/individual/org85210"
"2188","Psychology","Psychology","http://scholars.cornell.edu/individual/org43229"
"2189","Science and Technology Studies","Science and Technology Studies","http://scholars.cornell.edu/individual/org52963"
"2192","Sociology","Sociology","http://scholars.cornell.edu/individual/org43751"
"2194","Near Eastern Studies","Near Eastern Studies","http://scholars.cornell.edu/individual/org42200"
"2198","Cornell Cinema","Performing and Media Arts","http://scholars.cornell.edu/individual/org68826"
"2339","Diversity and Faculty Development","Diversity and Faculty Development","http://scholars.cornell.edu/individual/org61441"
"2355","Mechanical & Aerospace Engineering","Mechanical & Aerospace Engineering","http://scholars.cornell.edu/individual/org66771"
"2360","Chemical & Biomolecular Engineering","Chemical & Biomolecular Engineering","http://scholars.cornell.edu/individual/org80541"
"2365","Civil & Environmental Engineering","Civil & Environmental Engineering","http://scholars.cornell.edu/individual/org15006"
"2366","Computer Science","Computer Science","http://scholars.cornell.edu/individual/org16552"
"2367","Earth & Atmospheric Sciences","Earth & Atmospheric Sciences","http://scholars.cornell.edu/individual/org32427"
"2370","Electrical & Computer Engineering","Electrical & Computer Engineering","http://scholars.cornell.edu/individual/org49841"
"2371","Applied & Engineering Physics","Applied & Engineering Physics","http://scholars.cornell.edu/individual/org93835"
"2374","Materials Science Engineering","Materials Science Engineering","http://scholars.cornell.edu/individual/org42189"
"2376","Operations Research & Information Engr","Operations Research & Information Engr","http://scholars.cornell.edu/individual/org62682"
"2388","Biomedical Engineering","Biomedical Engineering","http://scholars.cornell.edu/individual/org68763"
"2390","Lab of Plasma Studies","Lab of Plasma Studies","http://scholars.cornell.edu/individual/org31047"
"2398","Diversity Programs Office","Diversity and Faculty Development","http://scholars.cornell.edu/individual/org61441"
"2518","Law School Research","Law School Research",""
"2621","Tech Research","Tech Research",""
"2640","Sponsored Research","Tech Research",""
"2681","JTC Research","JTC Research","http://scholars.cornell.edu/individual/org33058"
"3009","Land Grant Affairs","Land Grant Affairs",""
"3014","Cornell Prison Education Program","Cornell Prison Education Program","http://scholars.cornell.edu/individual/org82432"
"3303","Cornell Inst for Social & Econ Research","Cornell Inst for Social & Econ Research","http://scholars.cornell.edu/individual/org17156"
"3305","Office of Academic Diversity Initiatives","Office of Academic Diversity Initiatives","http://scholars.cornell.edu/individual/org94721"
"3306","Johnson Art Museum","Johnson Art Museum","http://scholars.cornell.edu/individual/org48507"
"3312","Center for Teaching Excellence","Center for Teaching Excellence",""
"3317","Higher Education Opportunity Program","Office of Academic Diversity Initiatives","http://scholars.cornell.edu/individual/org94721"
"3318","Collegiate Science & Techn Entry Program","Office of Academic Diversity Initiatives","http://scholars.cornell.edu/individual/org94721"
"3324","CU Press","CU Press","http://scholars.cornell.edu/individual/org29616"
"3401","Cornell Center for Materials Research","Cornell Center for Materials Research","http://scholars.cornell.edu/individual/org33318"
"3415","EMCC-NYSERDA Funds","Energy Materials Center at Cornell","http://scholars.cornell.edu/individual/org71748"
"3424","Center for Advanced Computing","Center for Advanced Computing","http://scholars.cornell.edu/individual/org97822"
"3425","Center Astrophysics-Planetary Science","Center Astrophysics-Planetary Science","http://scholars.cornell.edu/individual/org76324"
"3426","Atkinson Center for a Sustainable Future","Atkinson Center for a Sustainable Future","http://scholars.cornell.edu/individual/org93185"
"3428","Energy Materials Center at Cornell","Energy Materials Center at Cornell","http://scholars.cornell.edu/individual/org71748"
"3435","Institute Biotechnology & Life Science","Institute Biotechnology & Life Science","http://scholars.cornell.edu/individual/org75555"
"3440","Cornell Inst for Social & Econ Research","Cornell Inst for Social & Econ Research","http://scholars.cornell.edu/individual/org17156"
"3445","Office of Sponsored Programs","Office of Sponsored Programs",""
"3450","Nanobiotechnology Center","Nanobiotechnology Center","http://scholars.cornell.edu/individual/org83032"
"3455","Cornell Lab Accelerator Sciences & Ed","Cornell Lab Accelerator Sciences & Ed","http://scholars.cornell.edu/individual/org17208"
"3456","Weill Institute","Weill Institute","http://scholars.cornell.edu/individual/org23859"
"3473","NanoScale Science & Technology Facility","NanoScale Science & Technology Facility","http://scholars.cornell.edu/individual/org95522"
"3476","Lab. of Atomic & Solid State Physics","Lab. of Atomic & Solid State Physics","http://scholars.cornell.edu/individual/org77636"
"3482","Laboratory Elementary-Particle Physics","Cornell Lab Accelerator Sciences & Ed","http://scholars.cornell.edu/individual/org17208"
"3483","Biotech-Buckler","Institute Biotechnology & Life Science","http://scholars.cornell.edu/individual/org75555"
"3492","WICMB-Yu Lab","Weill Institute","http://scholars.cornell.edu/individual/org23859"
"3612","CS Faculty Activities","Computer Science","http://scholars.cornell.edu/individual/org16552"
"3622","IS Faculty Activities","Information Science","http://scholars.cornell.edu/individual/org74438"
"3632","DSS Faculty Activities","Statistical Science","http://scholars.cornell.edu/individual/org95974"
"3753","Library Materials","Library Materials","http://scholars.cornell.edu/individual/org99715"
"3784","Rare & Manuscript Collections","Rare & Manuscript Collections","http://scholars.cornell.edu/individual/org19800"
"3785","Information Technology Dept","Information Technology Dept",""
"3786","Wason East Asia Collection","Wason East Asia Collection","http://scholars.cornell.edu/individual/org50008"
"3789","Preservation/Conservation","Preservation/Conservation","http://scholars.cornell.edu/individual/org45449"
"3791","Mann Library","Mann Library","http://scholars.cornell.edu/individual/org46941"
"3795","Catherwood Library","Catherwood Library","http://scholars.cornell.edu/individual/org87894"
"5205","Office of Vice President & CHRO","Office of Vice President & CHRO",""
"5762","Capital Projects","Capital Projects",""
"5787","Shops Administration","Shops Administration",""
"7001","Office of the Graduate School","Office of the Graduate School","http://scholars.cornell.edu/individual/org72107"
"7501","Einaudi Center for Intl Studies","Einaudi Center for Intl Studies","http://scholars.cornell.edu/individual/org98903"
"7507","Peace Studies Program","Peace Studies Program","http://scholars.cornell.edu/individual/org73506"
"7508","South Asia Program","South Asia Program","http://scholars.cornell.edu/individual/org35291"
"7509","South East Asia Program","South East Asia Program","http://scholars.cornell.edu/individual/org55261"
"01E6","CALS FS-IT Uncategorized","CALS Food Science","http://scholars.cornell.edu/individual/org86203"
"01A2","CALS AEM Internat'l and Devel Economics","CALS The Charles H. Dyson School of AEM","http://scholars.cornell.edu/individual/org75400"
"01A3","CALS AEM Environment Resource Economics","CALS The Charles H. Dyson School of AEM","http://scholars.cornell.edu/individual/org75400"
"01A4","CALS AEM Food and Agricultural Economics","CALS The Charles H. Dyson School of AEM","http://scholars.cornell.edu/individual/org75400"
"01A5","CALS AEM FarmNet","CALS The Charles H. Dyson School of AEM","http://scholars.cornell.edu/individual/org75400"
"01A8","CALS BEE Local Roads Program","CALS Biological & Environmental Engr","http://scholars.cornell.edu/individual/org24212"
"01A9","CALS BEE Uncategorized","CALS Biological & Environmental Engr","http://scholars.cornell.edu/individual/org24212"
"01AH","CALS Lab of O - Director","CALS Lab of O - Administration","http://scholars.cornell.edu/individual/org34615"
"01AZ","CALS CCE ENYCHP","CALS Cornell Cooperative Extension","http://scholars.cornell.edu/individual/org55296"
"01B2","CALS EAS Uncategorized","CALS Earth and Atmospheric Science","http://scholars.cornell.edu/individual/org32427"
"01B7","CALS AS Department Operations","CALS Animal Science","http://scholars.cornell.edu/individual/org75400"
"01BF","CALS AEM Int'l Dev Academic","CALS The Charles H. Dyson School of AEM","http://scholars.cornell.edu/individual/org75400"
"01BH","CALS AEM Enviro Resource  Academic","CALS The Charles H. Dyson School of AEM","http://scholars.cornell.edu/individual/org75400"
"01BJ","CALS AEM Food & Ag Academic","CALS The Charles H. Dyson School of AEM","http://scholars.cornell.edu/individual/org75400"
"01BL","CALS AEM Mgmt/Bus Academic","CALS The Charles H. Dyson School of AEM","http://scholars.cornell.edu/individual/org75400"
"01D5","CALS AS Uncategorized","CALS Animal Science","http://scholars.cornell.edu/individual/org75400"
"01D6","CALS COM Uncategorized","CALS Communication","http://scholars.cornell.edu/individual/org23199"
"01F5","CALS NR Uncategorized","CALS Natural Resources","http://scholars.cornell.edu/individual/org17112"
"01G0","CALS BSCB Uncategorized","CALS Biology Stats & Computational Biol","http://scholars.cornell.edu/individual/org62105"
"01G4","CALS DEVSOC Cornell Farmworker Program","CALS Development Sociology","http://scholars.cornell.edu/individual/org62634"
"01G6","CALS DEVSOC Uncategorized","CALS Development Sociology","http://scholars.cornell.edu/individual/org62634"
"01G7","CALS MBG Uncategorized","CALS Molecular Biology & Genetics","http://scholars.cornell.edu/individual/org24788"
"01G8","CALS EEB Uncategorized","CALS Ecology & Evolutionary Biology","http://scholars.cornell.edu/individual/org92335"
"01H1","CALS MB Uncategorized","CALS Microbiology","http://scholars.cornell.edu/individual/org58067"
"01H2","CALS NBB Uncategorized","CALS Neurobiology & Behavior","http://scholars.cornell.edu/individual/org16088"
"01H3","CALS NS Uncategorized","CALS Nutritional Sciences","http://scholars.cornell.edu/individual/org57049"
"01H5","CALS CUAES Administration","CALS CU Agriculture Experiment Station","http://scholars.cornell.edu/individual/org23103"
"01K3","CALS CCE ADM Uncategorized","CALS Cornell Cooperative Extension","http://scholars.cornell.edu/individual/org55296"
"01K6","CALS CCE LEGP","CALS Cornell Cooperative Extension","http://scholars.cornell.edu/individual/org55296"
"01K8","CALS CCE CNYDFC","CALS Cornell Cooperative Extension","http://scholars.cornell.edu/individual/org55296"
"01K9","CALS CCE LOF","CALS Cornell Cooperative Extension","http://scholars.cornell.edu/individual/org55296"
"01L0","CALS CCE CVP","CALS Cornell Cooperative Extension","http://scholars.cornell.edu/individual/org55296"
"01L4","CALS IPM Uncategorized","CALS Integrated Pest Management","http://scholars.cornell.edu/individual/org55296"
"01L5","CALS CIIFAD Uncategorized","CALS CIIFAD","http://scholars.cornell.edu/individual/org92423"
"01L6","CALS IP Uncategorized","CALS International Programs","http://scholars.cornell.edu/individual/org83919"
"01L7","CALS SG Administration","CALS Sea Grant","http://scholars.cornell.edu/individual/org49111"
"01M0","CALS SG Great Lakes District","CALS Sea Grant","http://scholars.cornell.edu/individual/org49111"
"01M1","CALS SG Marine District","CALS Sea Grant","http://scholars.cornell.edu/individual/org49111"
"01M2","CALS SG Uncategorized","CALS Sea Grant","http://scholars.cornell.edu/individual/org49111"
"01M7","CALS Plantations Collections & Operation","CALS Plantations","http://scholars.cornell.edu/individual/org65543"
"01X0","CALS Lab of O - Bioacoustics","CALS Lab of O - Programs","http://scholars.cornell.edu/individual/org34615"
"01X1","CALS Lab of O - Bird Population Studies","CALS Lab of O - Programs","http://scholars.cornell.edu/individual/org34615"
"01X2","CALS Lab of O - Citizen Science","CALS Lab of O - Programs","http://scholars.cornell.edu/individual/org34615"
"01X4","CALS Lab of O - Conservation","CALS Lab of O - Programs","http://scholars.cornell.edu/individual/org34615"
"01X8","CALS Lab of O - Education","CALS Lab of O - Programs","http://scholars.cornell.edu/individual/org34615"
"01X9","CALS Lab of O - Evolutionary Biology","CALS Lab of O - Programs","http://scholars.cornell.edu/individual/org34615"
"01Y0","CALS Lab of O - Info Science","CALS Lab of O - Programs","http://scholars.cornell.edu/individual/org34615"
"01Y2","CALS Lab of O - Macaulay Library","CALS Lab of O - Programs","http://scholars.cornell.edu/individual/org34615"
"01Y4","CALS Lab of O - Pub Engagemnt in Science","CALS Lab of O - Programs","http://scholars.cornell.edu/individual/org34615"
"01Y5","CALS Lab of O - Visiitor Center","CALS Lab of O - Programs","http://scholars.cornell.edu/individual/org34615"
"01Z1","CALS Lab of O - Student Support","CALS Lab of O - Student Services","http://scholars.cornell.edu/individual/org34615"
"043L","Office of the Dean","Office of the Dean",""
"048B","Other Graduate Student Support","DVM Financial Aid & Post DVM Support",""
"05AZ","0557 Other Funds","Industrial & Labor Relations Ext Orgs",""
"05BU","0570 Other Funds","Industrial & Labor Relations Ext Orgs",""
"05CA","0573 Other Funds","Industrial & Labor Relations Ext Orgs",""
"05DX","0543 Other Funds","CHERI","http://scholars.cornell.edu/individual/org21750"
"05FC","0568 Other Funds","Industrial & Labor Relations Ext Orgs",""
"05FO","0579 Other Funds","Global Employment Relations Initiative",""
"06A0","CALS ENT-GN IR-4 Program","CALS Entomology","http://scholars.cornell.edu/individual/org95927"
"06A1","CALS ENT-GN Uncategorized","CALS Entomology","http://scholars.cornell.edu/individual/org95927"
"06A5","CALS FS-GN Uncategorized","CALS Food Science","http://scholars.cornell.edu/individual/org86203"
"06A7","CALS HORT-GN Uncategorized","CALS School of Integrative Plant Science","http://scholars.cornell.edu/individual/org30434"
"06B6","CALS Geneva AES Sponsored Awards","CALS Geneva AES Finance & Operating","http://scholars.cornell.edu/individual/org48219"
"06B8","CALS Geneva PGRU/GGRU Uncategorized","CALS PGRU/GGRU","http://scholars.cornell.edu/individual/org48219"
"06C4","CALS PP-GN Uncategorized","CALS School of Integrative Plant Science","http://scholars.cornell.edu/individual/org62465"
"221L","Research","Research",""
"221O","Center for Sustainable Global Enterprise","Center for Sustainable Global Enterprise","http://scholars.cornell.edu/individual/org20500"
"361S","CS Sponsor","Computer Science","http://scholars.cornell.edu/individual/org16552"
"362S","IS Sponsor","Information Science","http://scholars.cornell.edu/individual/org74438"
"42G4","Primary Care","University Health Services",""
"42M9","Public Service Center","SCL Academic Support","http://scholars.cornell.edu/individual/org25509"
"42MV","PSC School Programs","SCL Academic Support","http://scholars.cornell.edu/individual/org25509"
"GA70","Graduate School Financial Aid","Graduate School Financial Aid",""
"05AT","0532 Other Funds","Industrial & Labor Relations Ext Orgs","null"